fye,Nevada_PERS,Montgomery_County,link,Butler_County,link,Harvard,link,Yale,link
2004,12.10%,,,10.27%,https://www.butlercountypa.gov/ArchiveCenter/ViewFile/Item/78,21.10%,https://finance.harvard.edu/sites/g/files/omnuum12671/files/fad/files/2006fullreport.pdf,19.40%,https://your.yale.edu/sites/default/files/2025-04/2005-2006_annual_financial_report.pdf
2005,9.30%,,,4.14%,https://www.butlercountypa.gov/ArchiveCenter/ViewFile/Item/78,19.20%,https://finance.harvard.edu/sites/g/files/omnuum12671/files/fad/files/2006fullreport.pdf,22.30%,https://your.yale.edu/sites/default/files/2025-04/2008-2009_annual_financial_report.pdf
2006,8.80%,,,11.29%,https://www.butlercountypa.gov/ArchiveCenter/ViewFile/Item/78,16.70%,https://finance.harvard.edu/sites/g/files/omnuum12671/files/fad/files/2006fullreport.pdf,22.90%,https://your.yale.edu/sites/default/files/2025-04/2008-2009_annual_financial_report.pdf
2007,15.00%,,,9.34%,https://www.butlercountypa.gov/ArchiveCenter/ViewFile/Item/75,23.00%,https://finance.harvard.edu/sites/g/files/omnuum12671/files/fad/files/2007fullreport.pdf,28.00%,https://your.yale.edu/sites/default/files/2025-04/2008-2009_annual_financial_report.pdf
2008,-3.20%,,,-23.54%,https://www.butlercountypa.gov/ArchiveCenter/ViewFile/Item/75,8.60%,https://finance.harvard.edu/sites/g/files/omnuum12671/files/fad/files/2008fullreport.pdf,4.50%,https://your.yale.edu/sites/default/files/2025-04/2008-2009_annual_financial_report.pdf
2009,-15.60%,,,20.12%,https://www.butlercountypa.gov/ArchiveCenter/ViewFile/Item/75,-27.30%,https://finance.harvard.edu/sites/g/files/omnuum12671/files/fad/files/2009fullreport.pdf,-24.60%,https://your.yale.edu/sites/default/files/2025-04/2012-2013_annual_financial_report.pdf
2010,11.00%,,,13.30%,https://www.butlercountypa.gov/ArchiveCenter/ViewFile/Item/70,11.00%,https://finance.harvard.edu/sites/g/files/omnuum12671/files/fad/files/2010fullreport.pdf,8.90%,https://your.yale.edu/sites/default/files/2025-04/2012-2013_annual_financial_report.pdf
2011,21.10%,,,1.00%,https://www.butlercountypa.gov/ArchiveCenter/ViewFile/Item/70,21.40%,https://finance.harvard.edu/sites/g/files/omnuum12671/files/fad/files/2011fullreport.pdf,21.90%,https://your.yale.edu/sites/default/files/2025-04/2012-2013_annual_financial_report.pdf
2012,3.10%,,,13.50%,https://www.butlercountypa.gov/ArchiveCenter/ViewFile/Item/70,-0.10%,https://finance.harvard.edu/sites/g/files/omnuum12671/files/fad/files/2012fullreport_2.pdf,4.70%,https://your.yale.edu/sites/default/files/2025-04/2012-2013_annual_financial_report.pdf
2013,12.40%,,,17.30%,https://www.butlercountypa.gov/ArchiveCenter/ViewFile/Item/70,11.30%,https://finance.harvard.edu/sites/g/files/omnuum12671/files/fad/files/2013fullreport.pdf ,12.50%,https://your.yale.edu/sites/default/files/2025-04/2016-2017_annual_financial_report.pdf
2014,17.60%,,,8.40%,https://www.butlercountypa.gov/ArchiveCenter/ViewFile/Item/123,15.00%,https://finance.harvard.edu/sites/g/files/omnuum12671/files/fad/files/har_fy14_financialreport.pdf,20.20%,https://your.yale.edu/sites/default/files/2025-04/2016-2017_annual_financial_report.pdf
2015,4.20%,0.04%,https://www.montgomerycountypa.gov/ArchiveCenter/ViewFile/Item/6272,-0.70%,https://www.butlercountypa.gov/ArchiveCenter/ViewFile/Item/123,5.80%,https://finance.harvard.edu/sites/g/files/omnuum12671/files/fad/files/_fy15harvard_finreport_.pdf,4.50%,https://your.yale.edu/sites/default/files/2025-04/2016-2017_annual_financial_report.pdf
2016,2.30%,7.48%,https://www.montgomerycountypa.gov/ArchiveCenter/ViewFile/Item/6272,8.60%,https://www.butlercountypa.gov/ArchiveCenter/ViewFile/Item/123,-2.00%,https://finance.harvard.edu/sites/g/files/omnuum12671/files/fad/files/harvard_ar_11_12016_final.pdf ,3.40%,https://your.yale.edu/sites/default/files/2025-04/2016-2017_annual_financial_report.pdf
2017,11.90%,14.69%,https://www.montgomerycountypa.gov/ArchiveCenter/ViewFile/Item/6272,13.70%,https://www.butlercountypa.gov/ArchiveCenter/ViewFile/Item/123,8.00%,https://finance.harvard.edu/sites/g/files/omnuum12671/files/fad/files/final_harvard_university_financial_report_2017.pdf,11.30%,https://your.yale.edu/sites/default/files/2025-04/2020-2021_annual_financial_report.pdf
2018,8.60%,-6.40%,https://www.montgomerycountypa.gov/ArchiveCenter/ViewFile/Item/6272,-5.70%,https://www.butlercountypa.gov/ArchiveCenter/ViewFile/Item/123,10.00%,https://finance.harvard.edu/sites/g/files/omnuum12671/files/fad/files/harvard_annual_report_2018_final.pdf,12.30%,https://your.yale.edu/sites/default/files/2025-04/2020-2021_annual_financial_report.pdf
2019,8.50%,18.25%,https://www.montgomerycountypa.gov/ArchiveCenter/ViewFile/Item/6272,20.10%,https://www.butlercountypa.gov/ArchiveCenter/ViewFile/Item/123,6.50%,https://finance.harvard.edu/sites/g/files/omnuum12671/files/fad/files/fy19_harvard_financial_report.pdf,5.70%,https://your.yale.edu/sites/default/files/2025-04/2020-2021_annual_financial_report.pdf
2020,7.20%,13.56%,https://www.montgomerycountypa.gov/ArchiveCenter/ViewFile/Item/6272,9.60%,https://www.butlercountypa.gov/ArchiveCenter/ViewFile/Item/123,7.30%,https://finance.harvard.edu/sites/g/files/omnuum12671/files/fad/files/fy20_harvard_financial_report.pdf,6.80%,https://your.yale.edu/sites/default/files/2025-04/2020-2021_annual_financial_report.pdf
2021,27.30%,12.48%,https://www.montgomerycountypa.gov/ArchiveCenter/ViewFile/Item/6272,13.90%,https://www.butlercountypa.gov/ArchiveCenter/ViewFile/Item/123,33.60%,https://finance.harvard.edu/sites/g/files/omnuum12671/files/fad/files/fy21_harvard_financial_report.pdf,40.20%,https://your.yale.edu/media/3134/download?inline
2022,-5.10%,-16.13%,https://www.montgomerycountypa.gov/ArchiveCenter/ViewFile/Item/6272,-15.70%,https://www.butlercountypa.gov/ArchiveCenter/ViewFile/Item/123,-1.80%,https://finance.harvard.edu/sites/g/files/omnuum12671/files/fad/files/fy22_harvard_financial_report.pdf,0.08%,https://your.yale.edu/media/3134/download?inline
2023,9.30%,15.67%,https://www.montgomerycountypa.gov/ArchiveCenter/ViewFile/Item/6272,15.00%,https://www.butlercountypa.gov/ArchiveCenter/ViewFile/Item/123,2.90%,https://finance.harvard.edu/sites/g/files/omnuum12671/files/fad/files/fy23_harvard_financial_report.pdf ,1.80%,https://your.yale.edu/media/3134/download?inline
2024,12.10%,11.73%,https://www.montgomerycountypa.gov/ArchiveCenter/ViewFile/Item/6272,N/A,,9.60%,https://finance.harvard.edu/sites/g/files/omnuum12671/files/fad/files/fy24_harvard_financial_report.pdf ,5.70%,https://your.yale.edu/media/3134/download?inline
2025,,,,,,11.90%,https://finance.harvard.edu/sites/g/files/omnuum12671/files/2025-10/fy25-financial-report.pdf ,11.10%,https://your.yale.edu/media/3134/download?inline
,,,,,,,,,
,,,,,,,,,
,,,,,,,,,
,,,,,,,,,
,,,,,,,,,
,,,,,,,,,
"Nevada PERS from APR. I copy pasted it mannualy. Steve, might be best to get it again from the actual data source.",,,,,,,,,
"* I listed the same ACFR as a source for many of the Butler & Montgomery County returns because there is a table called ""historical investment returns""  which shows past 10 year returns in each Val. ",,,,,,,,,
"For butler county, search for ""historical return""",,,,,,,,,
"For Mongomery County, search ""Annual money-weighted rate of return""",,,,,,,,,